{
    "waypoints": [
        {
            "name": "P1",
            "position": {
                "x": 0.972226083278656,
                "y": 0.4710000157356262,
                "z": 0.8821802735328674
            },
            "q": [
                0.0,
                0.3115200996398926,
                1.2531760931015015,
                0.0,
                0.0,
                0.0
            ],
            "waitBeforeNext": 0.0,
            "fotoHere": false
        },
        {
            "name": "P2",
            "position": {
                "x": -1.0144538879394532,
                "y": 0.4710000157356262,
                "z": 1.09866464138031
            },
            "q": [
                0.0,
                -0.4707968235015869,
                -0.7722794413566589,
                0.0,
                0.0,
                0.0
            ],
            "waitBeforeNext": 0.0,
            "fotoHere": false
        }
    ]
}